High,Low,Open,Close,Volume,Adj Close,Return,Date,Week_Number,Year,mean_return,volatility
57.099998474121094,56.11000061035156,56.779998779296875,56.63999938964844,2245900.0,52.60600280761719,0.0,2019-01-02,00,2019,0.38799999999999996,0.526244239873464
57.099998474121094,56.279998779296875,56.54999923706055,56.7400016784668,1689300.0,52.69887924194336,0.177,2019-01-03,00,2019,0.38799999999999996,0.526244239873464
57.61000061035156,56.66999816894531,56.81999969482422,57.29999923706055,1897000.0,53.218994140625,0.987,2019-01-04,00,2019,0.38799999999999996,0.526244239873464
57.7599983215332,56.7599983215332,57.08000183105469,57.56999969482422,1930100.0,53.46976089477539,0.471,2019-01-07,01,2019,0.44320000000000004,0.19508639111942178
58.0,57.22999954223633,57.54999923706055,57.88999938964844,2168100.0,53.7669677734375,0.556,2019-01-08,01,2019,0.44320000000000004,0.19508639111942178
58.529998779296875,57.70000076293945,57.81999969482422,57.95000076293945,2497600.0,53.822696685791016,0.104,2019-01-09,01,2019,0.44320000000000004,0.19508639111942178
58.459999084472656,57.66999816894531,58.0,58.290000915527344,2080700.0,54.138484954833984,0.587,2019-01-10,01,2019,0.44320000000000004,0.19508639111942178
58.650001525878906,57.93000030517578,58.5,58.58000183105469,1432700.0,54.40782928466797,0.498,2019-01-11,01,2019,0.44320000000000004,0.19508639111942178
58.75,58.04999923706055,58.380001068115234,58.540000915527344,2450900.0,54.37067794799805,-0.068,2019-01-14,02,2019,0.2902,0.6230206256617833
59.41999816894531,58.619998931884766,58.630001068115234,59.310001373291016,1437900.0,55.085838317871094,1.315,2019-01-15,02,2019,0.2902,0.6230206256617833
59.400001525878906,58.88999938964844,59.15999984741211,59.119998931884766,1936400.0,54.90937042236328,-0.32,2019-01-16,02,2019,0.2902,0.6230206256617833
59.52000045776367,58.630001068115234,58.939998626708984,59.279998779296875,1365400.0,55.05796813964844,0.271,2019-01-17,02,2019,0.2902,0.6230206256617833
59.95000076293945,59.25,59.540000915527344,59.43000030517578,2403700.0,55.197288513183594,0.253,2019-01-18,02,2019,0.2902,0.6230206256617833
59.599998474121094,58.13999938964844,59.36000061035156,58.70000076293945,2260800.0,54.51927947998047,-1.228,2019-01-22,03,2019,-0.69325,1.4544587481259137
59.25,58.599998474121094,58.709999084472656,59.130001068115234,3072100.0,54.91865539550781,0.733,2019-01-23,03,2019,-0.69325,1.4544587481259137
58.27000045776367,57.439998626708984,58.2599983215332,57.65999984741211,2732800.0,53.55335235595703,-2.486,2019-01-24,03,2019,-0.69325,1.4544587481259137
58.279998779296875,57.65999984741211,57.79999923706055,57.779998779296875,1728500.0,53.66480255126953,0.208,2019-01-25,03,2019,-0.69325,1.4544587481259137
58.13999938964844,57.279998779296875,57.75,58.119998931884766,1679400.0,53.980587005615234,0.588,2019-01-28,04,2019,0.321,1.0926406088005334
58.36000061035156,57.86000061035156,57.97999954223633,58.22999954223633,1758700.0,54.08275604248047,0.189,2019-01-29,04,2019,0.321,1.0926406088005334
58.689998626708984,57.7599983215332,58.119998931884766,57.83000183105469,3763200.0,53.71124267578125,-0.687,2019-01-30,04,2019,0.321,1.0926406088005334
59.060001373291016,57.83000183105469,57.849998474121094,59.0099983215332,3060500.0,54.80720138549805,2.04,2019-01-31,04,2019,0.321,1.0926406088005334
59.40999984741211,58.099998474121094,59.209999084472656,58.70000076293945,2316400.0,54.51927947998047,-0.525,2019-02-01,04,2019,0.321,1.0926406088005334
59.11000061035156,58.43000030517578,58.81999969482422,58.91999816894531,2226700.0,54.723609924316406,0.375,2019-02-04,05,2019,-1.1380000000000001,2.5514620318554617
59.310001373291016,58.75,58.81999969482422,59.13999938964844,2339100.0,54.92794418334961,0.373,2019-02-05,05,2019,-1.1380000000000001,2.5514620318554617
59.4900016784668,58.689998626708984,59.13999938964844,59.15999984741211,2682200.0,54.9465217590332,0.034,2019-02-06,05,2019,-1.1380000000000001,2.5514620318554617
57.869998931884766,55.52000045776367,56.560001373291016,55.84000015258789,8770600.0,51.862979888916016,-5.612,2019-02-07,05,2019,-1.1380000000000001,2.5514620318554617
55.900001525878906,54.81999969482422,55.31999969482422,55.36000061035156,5316900.0,51.41716003417969,-0.86,2019-02-08,05,2019,-1.1380000000000001,2.5514620318554617
55.95000076293945,54.13999938964844,55.70000076293945,55.66999816894531,5795600.0,51.70508575439453,0.56,2019-02-11,06,2019,0.514,0.7970721422807349
56.70000076293945,55.599998474121094,55.599998474121094,56.529998779296875,3692400.0,52.50383377075195,1.545,2019-02-12,06,2019,0.514,0.7970721422807349
57.0099983215332,56.22999954223633,56.70000076293945,56.959999084472656,3230800.0,52.90320587158203,0.761,2019-02-13,06,2019,0.514,0.7970721422807349
57.459999084472656,56.45000076293945,56.72999954223633,56.58000183105469,3394200.0,52.55027389526367,-0.667,2019-02-14,06,2019,0.514,0.7970721422807349
57.06999969482422,55.720001220703125,57.029998779296875,56.790000915527344,7318200.0,52.74531555175781,0.371,2019-02-15,06,2019,0.514,0.7970721422807349
58.119998931884766,56.709999084472656,56.75,57.41999816894531,4286100.0,53.3304443359375,1.109,2019-02-19,07,2019,-0.011249999999999982,2.0011567279950864
58.810001373291016,57.20000076293945,57.380001068115234,58.45000076293945,3076300.0,54.28709411621094,1.794,2019-02-20,07,2019,-0.011249999999999982,2.0011567279950864
58.52000045776367,57.70000076293945,58.439998626708984,58.33000183105469,2215000.0,54.17564010620117,-0.205,2019-02-21,07,2019,-0.011249999999999982,2.0011567279950864
56.959999084472656,55.75,56.61000061035156,56.72999954223633,5550800.0,52.6895866394043,-2.743,2019-02-22,07,2019,-0.011249999999999982,2.0011567279950864
56.959999084472656,55.41999816894531,56.959999084472656,55.65999984741211,4175700.0,51.69579315185547,-1.886,2019-02-25,08,2019,0.044600000000000015,1.1952515634794207
56.380001068115234,55.47999954223633,56.13999938964844,55.91999816894531,2834900.0,51.93727493286133,0.467,2019-02-26,08,2019,0.044600000000000015,1.1952515634794207
56.18000030517578,55.45000076293945,56.0,55.7599983215332,3010000.0,51.788673400878906,-0.286,2019-02-27,08,2019,0.044600000000000015,1.1952515634794207
56.369998931884766,55.56999969482422,55.869998931884766,56.2599983215332,2909800.0,52.25305938720703,0.897,2019-02-28,08,2019,0.044600000000000015,1.1952515634794207
56.86000061035156,56.279998779296875,56.40999984741211,56.84000015258789,2424600.0,52.79175567626953,1.031,2019-03-01,08,2019,0.044600000000000015,1.1952515634794207
56.5,54.189998626708984,56.38999938964844,54.61000061035156,3490500.0,51.22526168823242,-2.967,2019-03-04,09,2019,-0.611,1.3828794235218052
54.970001220703125,54.400001525878906,54.58000183105469,54.77000045776367,1749800.0,51.375343322753906,0.293,2019-03-05,09,2019,-0.611,1.3828794235218052
54.95000076293945,54.08000183105469,54.79999923706055,54.470001220703125,1974100.0,51.09394454956055,-0.548,2019-03-06,09,2019,-0.611,1.3828794235218052
54.790000915527344,54.220001220703125,54.43000030517578,54.29999923706055,2032500.0,50.934471130371094,-0.312,2019-03-07,09,2019,-0.611,1.3828794235218052
54.880001068115234,54.34000015258789,54.529998779296875,54.560001373291016,2224900.0,51.17836380004883,0.479,2019-03-08,09,2019,-0.611,1.3828794235218052
54.31999969482422,53.65999984741211,54.31999969482422,54.150001525878906,4191100.0,50.79377746582031,-0.751,2019-03-11,10,2019,-0.10420000000000003,0.7766026654602726
54.689998626708984,54.150001525878906,54.369998931884766,54.15999984741211,2419500.0,50.803157806396484,0.018,2019-03-12,10,2019,-0.10420000000000003,0.7766026654602726
54.20000076293945,53.13999938964844,54.15999984741211,53.61000061035156,2991000.0,50.2872428894043,-1.016,2019-03-13,10,2019,-0.10420000000000003,0.7766026654602726
54.16999816894531,53.40999984741211,53.79999923706055,53.810001373291016,2458400.0,50.474853515625,0.373,2019-03-14,10,2019,-0.10420000000000003,0.7766026654602726
54.29999923706055,53.709999084472656,53.959999084472656,54.27000045776367,3496400.0,50.90633773803711,0.855,2019-03-15,10,2019,-0.10420000000000003,0.7766026654602726
54.5099983215332,54.060001373291016,54.27000045776367,54.27000045776367,1568000.0,50.90633773803711,0.0,2019-03-18,11,2019,0.9094,1.9768107648432107
54.77000045776367,54.099998474121094,54.16999816894531,54.40999984741211,2475400.0,51.037662506103516,0.258,2019-03-19,11,2019,0.9094,1.9768107648432107
54.849998474121094,54.04999923706055,54.560001373291016,54.11000061035156,2832500.0,50.75625228881836,-0.551,2019-03-20,11,2019,0.9094,1.9768107648432107
56.75,54.099998474121094,54.2599983215332,56.47999954223633,4174500.0,52.9793586730957,4.38,2019-03-21,11,2019,0.9094,1.9768107648432107
57.25,56.29999923706055,56.34000015258789,56.7400016784668,3192100.0,53.22325134277344,0.46,2019-03-22,11,2019,0.9094,1.9768107648432107
56.91999816894531,56.31999969482422,56.790000915527344,56.66999816894531,2026000.0,53.1575813293457,-0.123,2019-03-25,12,2019,0.22879999999999998,0.9991459853294713
57.61000061035156,56.709999084472656,56.709999084472656,57.56999969482422,2135900.0,54.001800537109375,1.588,2019-03-26,12,2019,0.22879999999999998,0.9991459853294713
57.810001373291016,56.689998626708984,57.470001220703125,56.939998626708984,2436600.0,53.41084671020508,-1.094,2019-03-27,12,2019,0.22879999999999998,0.9991459853294713
57.560001373291016,56.810001373291016,57.15999984741211,56.970001220703125,1079400.0,53.438987731933594,0.053,2019-03-28,12,2019,0.22879999999999998,0.9991459853294713
57.4900016784668,56.849998474121094,56.88999938964844,57.380001068115234,1573800.0,53.82358169555664,0.72,2019-03-29,12,2019,0.22879999999999998,0.9991459853294713
57.650001525878906,55.5,57.5,56.02000045776367,3181600.0,52.54787063598633,-2.37,2019-04-01,13,2019,-0.19640000000000002,1.2840850049743593
56.61000061035156,55.90999984741211,56.220001220703125,56.349998474121094,4093100.0,52.857418060302734,0.589,2019-04-02,13,2019,-0.19640000000000002,1.2840850049743593
56.790000915527344,55.959999084472656,56.209999084472656,56.65999984741211,2496600.0,53.148197174072266,0.55,2019-04-03,13,2019,-0.19640000000000002,1.2840850049743593
56.880001068115234,56.25,56.709999084472656,56.45000076293945,1479800.0,52.95121765136719,-0.371,2019-04-04,13,2019,-0.19640000000000002,1.2840850049743593
56.81999969482422,56.099998474121094,56.31999969482422,56.79999923706055,1704000.0,53.27952194213867,0.62,2019-04-05,13,2019,-0.19640000000000002,1.2840850049743593
57.56999969482422,56.7400016784668,56.7400016784668,57.5,1909400.0,53.93613815307617,1.232,2019-04-08,14,2019,0.2718,0.7468957089179185
57.59000015258789,56.75,57.369998931884766,57.15999984741211,2285200.0,53.617210388183594,-0.591,2019-04-09,14,2019,0.2718,0.7468957089179185
57.560001373291016,56.84000015258789,57.2400016784668,57.54999923706055,2873200.0,53.983036041259766,0.682,2019-04-10,14,2019,0.2718,0.7468957089179185
57.900001525878906,56.88999938964844,57.77000045776367,57.349998474121094,1841600.0,53.79543685913086,-0.348,2019-04-11,14,2019,0.2718,0.7468957089179185
57.849998474121094,57.279998779296875,57.36000061035156,57.56999969482422,1710000.0,54.001800537109375,0.384,2019-04-12,14,2019,0.2718,0.7468957089179185
58.38999938964844,57.459999084472656,57.689998626708984,58.349998474121094,1597300.0,54.733455657958984,1.355,2019-04-15,15,2019,0.38249999999999995,0.7966925379341769
58.869998931884766,58.040000915527344,58.29999923706055,58.38999938964844,1941600.0,54.77097702026367,0.069,2019-04-16,15,2019,0.38249999999999995,0.7966925379341769
58.540000915527344,57.65999984741211,58.540000915527344,58.09000015258789,1228700.0,54.48957443237305,-0.514,2019-04-17,15,2019,0.38249999999999995,0.7966925379341769
58.59000015258789,57.720001220703125,58.25,58.45000076293945,1208800.0,54.8272590637207,0.62,2019-04-18,15,2019,0.38249999999999995,0.7966925379341769
58.810001373291016,58.209999084472656,58.5,58.36000061035156,2120500.0,54.74283981323242,-0.154,2019-04-22,16,2019,0.32999999999999996,1.328475818372318
58.619998931884766,58.0,58.27000045776367,58.43000030517578,2102900.0,54.808494567871094,0.12,2019-04-23,16,2019,0.32999999999999996,1.328475818372318
58.7599983215332,58.119998931884766,58.400001525878906,58.56999969482422,1762900.0,54.939823150634766,0.24,2019-04-24,16,2019,0.32999999999999996,1.328475818372318
58.470001220703125,57.900001525878906,58.31999969482422,57.939998626708984,1654600.0,54.3488655090332,-1.076,2019-04-25,16,2019,0.32999999999999996,1.328475818372318
59.56999969482422,58.09000015258789,58.189998626708984,59.400001525878906,2120600.0,55.718379974365234,2.52,2019-04-26,16,2019,0.32999999999999996,1.328475818372318
59.86000061035156,59.25,59.459999084472656,59.63999938964844,2057700.0,55.94350051879883,0.404,2019-04-29,17,2019,-0.9936,1.78159992703188
60.459999084472656,59.63999938964844,59.720001220703125,60.29999923706055,2798100.0,56.56259536743164,1.107,2019-04-30,17,2019,-0.9936,1.78159992703188
60.439998626708984,59.25,60.27000045776367,59.38999938964844,2836000.0,55.7089958190918,-1.509,2019-05-01,17,2019,-0.9936,1.78159992703188
58.22999954223633,56.41999816894531,56.939998626708984,57.380001068115234,5931200.0,53.82358169555664,-3.384,2019-05-02,17,2019,-0.9936,1.78159992703188
57.40999984741211,56.400001525878906,57.40999984741211,56.470001220703125,3026200.0,52.9699821472168,-1.586,2019-05-03,17,2019,-0.9936,1.78159992703188
57.5,55.72999954223633,55.79999923706055,57.400001525878906,2764900.0,53.842342376708984,1.647,2019-05-06,18,2019,0.76,0.8801164695652502
57.54999923706055,56.54999923706055,57.34000015258789,57.150001525878906,2249500.0,53.60783004760742,-0.436,2019-05-07,18,2019,0.76,0.8801164695652502
57.619998931884766,56.400001525878906,57.18000030517578,57.25,1986800.0,53.70163345336914,0.175,2019-05-08,18,2019,0.76,0.8801164695652502
57.91999816894531,56.66999816894531,56.880001068115234,57.790000915527344,2009300.0,54.20816421508789,0.943,2019-05-09,18,2019,0.76,0.8801164695652502
58.77000045776367,57.16999816894531,57.66999816894531,58.63999938964844,2394900.0,55.00548553466797,1.471,2019-05-10,18,2019,0.76,0.8801164695652502
58.20000076293945,56.95000076293945,58.15999984741211,57.779998779296875,2888000.0,54.19878387451172,-1.467,2019-05-13,19,2019,-0.5566,0.7552574395528985
57.83000183105469,57.04999923706055,57.66999816894531,57.16999816894531,2340900.0,53.626590728759766,-1.056,2019-05-14,19,2019,-0.5566,0.7552574395528985
57.88999938964844,56.84000015258789,57.099998474121094,57.369998931884766,1508400.0,53.8141975402832,0.35,2019-05-15,19,2019,-0.5566,0.7552574395528985
57.97999954223633,57.18000030517578,57.4900016784668,57.400001525878906,1350600.0,53.842342376708984,0.052,2019-05-16,19,2019,-0.5566,0.7552574395528985
57.689998626708984,56.849998474121094,57.060001373291016,57.02000045776367,1596200.0,53.48588943481445,-0.662,2019-05-17,19,2019,-0.5566,0.7552574395528985
56.970001220703125,56.2599983215332,56.63999938964844,56.439998626708984,1648300.0,52.941837310791016,-1.017,2019-05-20,20,2019,-0.1594,0.7537727111006342
57.16999816894531,56.5099983215332,56.779998779296875,56.540000915527344,1098500.0,53.035640716552734,0.177,2019-05-21,20,2019,-0.1594,0.7537727111006342
56.869998931884766,56.310001373291016,56.59000015258789,56.83000183105469,823800.0,53.30766677856445,0.513,2019-05-22,20,2019,-0.1594,0.7537727111006342
57.15999984741211,56.31999969482422,56.619998931884766,57.09000015258789,1370800.0,53.55155563354492,0.458,2019-05-23,20,2019,-0.1594,0.7537727111006342
57.2400016784668,56.529998779296875,57.150001525878906,56.560001373291016,949400.0,53.05440139770508,-0.928,2019-05-24,20,2019,-0.1594,0.7537727111006342
56.7400016784668,54.560001373291016,56.650001525878906,54.560001373291016,3263800.0,51.17836380004883,-3.536,2019-05-28,21,2019,-1.5270000000000001,2.542209144294256
54.15999984741211,52.209999084472656,54.099998474121094,52.79999923706055,4020800.0,49.527442932128906,-3.226,2019-05-29,21,2019,-1.5270000000000001,2.542209144294256
53.279998779296875,51.849998474121094,52.90999984741211,52.09000015258789,2873900.0,48.86145782470703,-1.345,2019-05-30,21,2019,-1.5270000000000001,2.542209144294256
52.720001220703125,51.34000015258789,51.45000076293945,52.560001373291016,2815500.0,49.838111877441406,1.999,2019-05-31,21,2019,-1.5270000000000001,2.542209144294256
53.90999984741211,52.439998626708984,52.560001373291016,53.79999923706055,2635100.0,51.01389694213867,2.359,2019-06-03,22,2019,1.2746,0.7553451528936954
54.810001373291016,54.0099983215332,54.0099983215332,54.599998474121094,1749400.0,51.7724723815918,1.487,2019-06-04,22,2019,1.2746,0.7553451528936954
55.349998474121094,54.45000076293945,55.290000915527344,55.0099983215332,1952000.0,52.161231994628906,0.751,2019-06-05,22,2019,1.2746,0.7553451528936954
56.0,54.72999954223633,55.09000015258789,55.77000045776367,1849600.0,52.88187789916992,1.382,2019-06-06,22,2019,1.2746,0.7553451528936954
56.5,55.900001525878906,56.060001373291016,55.9900016784668,1639200.0,53.09048843383789,0.394,2019-06-07,22,2019,1.2746,0.7553451528936954
56.20000076293945,54.47999954223633,56.16999816894531,54.77000045776367,1697600.0,51.93366241455078,-2.179,2019-06-10,23,2019,0.23620000000000002,1.466680844628442
55.72999954223633,54.7599983215332,54.7599983215332,55.65999984741211,1417200.0,52.7775764465332,1.625,2019-06-11,23,2019,0.23620000000000002,1.466680844628442
56.529998779296875,55.970001220703125,55.970001220703125,56.220001220703125,2087800.0,53.30857849121094,1.006,2019-06-12,23,2019,0.23620000000000002,1.466680844628442
56.790000915527344,56.150001525878906,56.31999969482422,56.61000061035156,1772800.0,53.67837905883789,0.694,2019-06-13,23,2019,0.23620000000000002,1.466680844628442
56.88999938964844,56.41999816894531,56.59000015258789,56.630001068115234,1291000.0,53.69734573364258,0.035,2019-06-14,23,2019,0.23620000000000002,1.466680844628442
57.04999923706055,56.209999084472656,56.95000076293945,56.54999923706055,1464400.0,53.621482849121094,-0.141,2019-06-17,24,2019,-0.36599999999999994,1.0010894065966336
57.189998626708984,55.380001068115234,56.7400016784668,55.5,1895900.0,52.6258659362793,-1.857,2019-06-18,24,2019,-0.36599999999999994,1.0010894065966336
55.439998626708984,54.650001525878906,55.40999984741211,55.060001373291016,2721700.0,52.20865249633789,-0.793,2019-06-19,24,2019,-0.36599999999999994,1.0010894065966336
55.25,54.619998931884766,55.060001373291016,55.189998626708984,1591400.0,52.33191680908203,0.236,2019-06-20,24,2019,-0.36599999999999994,1.0010894065966336
56.560001373291016,55.11000061035156,55.279998779296875,55.59000015258789,4271500.0,52.71120071411133,0.725,2019-06-21,24,2019,-0.36599999999999994,1.0010894065966336
55.869998931884766,55.45000076293945,55.65999984741211,55.790000915527344,1727800.0,52.900848388671875,0.36,2019-06-24,25,2019,-0.7302000000000001,1.3446706659996714
55.27000045776367,54.2400016784668,55.20000076293945,54.529998779296875,2651100.0,51.70609664916992,-2.258,2019-06-25,25,2019,-0.7302000000000001,1.3446706659996714
54.06999969482422,52.779998779296875,53.65999984741211,53.45000076293945,3276100.0,50.68202209472656,-1.981,2019-06-26,25,2019,-0.7302000000000001,1.3446706659996714
53.470001220703125,52.70000076293945,53.0,53.189998626708984,2576000.0,50.43549346923828,-0.486,2019-06-27,25,2019,-0.7302000000000001,1.3446706659996714
53.849998474121094,53.11000061035156,53.25,53.56999969482422,2948700.0,50.795806884765625,0.714,2019-06-28,25,2019,-0.7302000000000001,1.3446706659996714
54.439998626708984,53.2400016784668,53.90999984741211,53.380001068115234,2588000.0,50.61565017700195,-0.355,2019-07-01,26,2019,1.05725,3.5553541197279723
53.810001373291016,53.16999816894531,53.47999954223633,53.310001373291016,2360900.0,50.549278259277344,-0.131,2019-07-02,26,2019,1.05725,3.5553541197279723
57.209999084472656,53.369998931884766,53.400001525878906,56.66999816894531,5657800.0,53.73527145385742,6.303,2019-07-03,26,2019,1.05725,3.5553541197279723
57.400001525878906,54.86000061035156,57.369998931884766,55.77000045776367,4151900.0,52.88187789916992,-1.588,2019-07-05,26,2019,1.05725,3.5553541197279723
56.11000061035156,55.36000061035156,55.54999923706055,55.43000030517578,1853300.0,52.559486389160156,-0.61,2019-07-08,27,2019,-0.4410000000000001,0.39588508433635133
55.45000076293945,54.349998474121094,55.38999938964844,54.849998474121094,2992500.0,52.009521484375,-1.046,2019-07-09,27,2019,-0.4410000000000001,0.39588508433635133
55.34000015258789,54.630001068115234,55.150001525878906,54.779998779296875,2581800.0,51.943145751953125,-0.128,2019-07-10,27,2019,-0.4410000000000001,0.39588508433635133
55.33000183105469,54.349998474121094,55.119998931884766,54.599998474121094,1662800.0,51.7724723815918,-0.329,2019-07-11,27,2019,-0.4410000000000001,0.39588508433635133
55.130001068115234,54.400001525878906,54.81999969482422,54.54999923706055,1401200.0,51.72505569458008,-0.092,2019-07-12,27,2019,-0.4410000000000001,0.39588508433635133
55.38999938964844,54.61000061035156,54.650001525878906,55.0,1939000.0,52.151756286621094,0.825,2019-07-15,28,2019,0.7372,0.9585377926821664
55.34000015258789,54.90999984741211,55.11000061035156,55.220001220703125,1737900.0,52.36036682128906,0.4,2019-07-16,28,2019,0.7372,0.9585377926821664
56.099998474121094,54.900001525878906,55.27000045776367,56.0,2393500.0,53.09996795654297,1.413,2019-07-17,28,2019,0.7372,0.9585377926821664
57.599998474121094,55.7599983215332,56.15999984741211,56.97999954223633,3412900.0,54.02922058105469,1.75,2019-07-18,28,2019,0.7372,0.9585377926821664
57.13999938964844,56.560001373291016,57.0099983215332,56.58000183105469,2002100.0,53.649932861328125,-0.702,2019-07-19,28,2019,0.7372,0.9585377926821664
56.86000061035156,55.95000076293945,56.689998626708984,56.540000915527344,2194200.0,53.612003326416016,-0.071,2019-07-22,29,2019,0.755,1.255471823658341
58.4900016784668,56.7400016784668,56.79999923706055,58.209999084472656,3636200.0,55.19551467895508,2.954,2019-07-23,29,2019,0.755,1.255471823658341
58.54999923706055,57.779998779296875,58.2599983215332,58.2599983215332,2978700.0,55.2429313659668,0.086,2019-07-24,29,2019,0.755,1.255471823658341
58.95000076293945,57.79999923706055,58.11000061035156,58.369998931884766,2958800.0,55.34723663330078,0.189,2019-07-25,29,2019,0.755,1.255471823658341
59.47999954223633,58.20000076293945,58.5099983215332,58.72999954223633,2786500.0,55.68859100341797,0.617,2019-07-26,29,2019,0.755,1.255471823658341
59.11000061035156,58.08000183105469,58.7599983215332,58.41999816894531,1863800.0,55.3946418762207,-0.528,2019-07-29,30,2019,1.6123999999999998,4.30541406835626
58.63999938964844,57.709999084472656,58.56999969482422,58.560001373291016,2400700.0,55.52739715576172,0.24,2019-07-30,30,2019,1.6123999999999998,4.30541406835626
58.65999984741211,57.33000183105469,58.25,58.220001220703125,4910500.0,55.20500183105469,-0.581,2019-07-31,30,2019,1.6123999999999998,4.30541406835626
65.58999633789062,60.810001373291016,60.93000030517578,63.630001068115234,10937900.0,60.3348388671875,9.292,2019-08-01,30,2019,1.6123999999999998,4.30541406835626
63.97999954223633,62.95000076293945,63.08000183105469,63.400001525878906,3324500.0,60.116756439208984,-0.361,2019-08-02,30,2019,1.6123999999999998,4.30541406835626
63.13999938964844,61.52000045776367,62.630001068115234,61.75,3119200.0,58.55219650268555,-2.603,2019-08-05,31,2019,-0.37879999999999997,1.4987223558751634
62.09000015258789,60.91999816894531,62.0,61.65999984741211,3304900.0,58.46685791015625,-0.146,2019-08-06,31,2019,-0.37879999999999997,1.4987223558751634
61.86000061035156,60.189998626708984,61.45000076293945,61.5,3090800.0,58.315147399902344,-0.259,2019-08-07,31,2019,-0.37879999999999997,1.4987223558751634
62.59000015258789,60.869998931884766,61.0099983215332,62.4900016784668,2941800.0,59.25387954711914,1.61,2019-08-08,31,2019,-0.37879999999999997,1.4987223558751634
63.189998626708984,62.15999984741211,62.560001373291016,62.18000030517578,1685800.0,58.959930419921875,-0.496,2019-08-09,31,2019,-0.37879999999999997,1.4987223558751634
62.36000061035156,61.220001220703125,62.029998779296875,61.619998931884766,1994800.0,58.42892837524414,-0.901,2019-08-12,32,2019,0.5256,2.0174718833232843
62.970001220703125,61.630001068115234,61.7599983215332,62.70000076293945,2234900.0,59.4530029296875,1.753,2019-08-13,32,2019,0.5256,2.0174718833232843
62.540000915527344,61.5099983215332,62.47999954223633,61.54999923706055,1625400.0,58.36255645751953,-1.834,2019-08-14,32,2019,0.5256,2.0174718833232843
63.790000915527344,61.38999938964844,62.0,63.52000045776367,3670300.0,60.23053741455078,3.201,2019-08-15,32,2019,0.5256,2.0174718833232843
64.41000366210938,63.40999984741211,63.88999938964844,63.779998779296875,2478800.0,60.47707748413086,0.409,2019-08-16,32,2019,0.5256,2.0174718833232843
64.5199966430664,63.52000045776367,63.83000183105469,64.43000030517578,1788800.0,61.093414306640625,1.019,2019-08-19,33,2019,-0.16060000000000005,1.2277443952223932
64.26000213623047,62.790000915527344,64.26000213623047,63.22999954223633,2330200.0,59.9555549621582,-1.862,2019-08-20,33,2019,-0.16060000000000005,1.2277443952223932
63.83000183105469,62.84000015258789,63.540000915527344,63.349998474121094,1362300.0,60.069339752197266,0.19,2019-08-21,33,2019,-0.16060000000000005,1.2277443952223932
64.06999969482422,63.11000061035156,63.41999816894531,63.869998931884766,1545700.0,60.562408447265625,0.821,2019-08-22,33,2019,-0.16060000000000005,1.2277443952223932
64.0199966430664,62.650001525878906,63.88999938964844,63.25,3176000.0,59.97451400756836,-0.971,2019-08-23,33,2019,-0.16060000000000005,1.2277443952223932
63.939998626708984,63.130001068115234,63.439998626708984,63.650001525878906,2422200.0,60.35380172729492,0.632,2019-08-26,34,2019,0.04680000000000004,1.3877451855438014
63.54999923706055,61.91999816894531,63.459999084472656,62.099998474121094,2739400.0,58.884071350097656,-2.435,2019-08-27,34,2019,0.04680000000000004,1.3877451855438014
62.77000045776367,62.0,62.25,62.5099983215332,2346100.0,59.2728385925293,0.66,2019-08-28,34,2019,0.04680000000000004,1.3877451855438014
63.18000030517578,62.349998474121094,63.0,62.959999084472656,2975900.0,59.69953536987305,0.72,2019-08-29,34,2019,0.04680000000000004,1.3877451855438014
63.65999984741211,62.779998779296875,62.95000076293945,62.79999923706055,2329500.0,60.091854095458984,0.657,2019-08-30,34,2019,0.04680000000000004,1.3877451855438014
63.709999084472656,62.5,63.0,63.70000076293945,2002200.0,60.953041076660156,1.433,2019-09-03,35,2019,0.5687500000000001,1.4746462570166898
63.900001525878906,62.79999923706055,63.68000030517578,63.34000015258789,2164100.0,60.60856628417969,-0.565,2019-09-04,35,2019,0.5687500000000001,1.4746462570166898
63.7599983215332,62.75,63.709999084472656,62.84000015258789,1650400.0,60.130130767822266,-0.789,2019-09-05,35,2019,0.5687500000000001,1.4746462570166898
64.52999877929688,63.84000015258789,64.31999969482422,64.22000122070312,2645000.0,61.45061492919922,2.196,2019-09-06,35,2019,0.5687500000000001,1.4746462570166898
64.44999694824219,63.61000061035156,64.25,64.16999816894531,1559300.0,61.402774810791016,-0.078,2019-09-09,36,2019,-0.26659999999999995,1.180392011155616
64.16999816894531,62.5,63.849998474121094,62.93000030517578,3736700.0,60.21624755859375,-1.932,2019-09-10,36,2019,-0.26659999999999995,1.180392011155616
63.88999938964844,62.630001068115234,62.93000030517578,63.790000915527344,2149900.0,61.03916931152344,1.367,2019-09-11,36,2019,-0.26659999999999995,1.180392011155616
64.45999908447266,63.470001220703125,64.45999908447266,63.70000076293945,1162000.0,60.953041076660156,-0.141,2019-09-12,36,2019,-0.26659999999999995,1.180392011155616
63.970001220703125,63.099998474121094,63.25,63.349998474121094,1668500.0,60.61813735961914,-0.549,2019-09-13,36,2019,-0.26659999999999995,1.180392011155616
64.05000305175781,63.04999923706055,63.400001525878906,63.779998779296875,1574100.0,61.02959442138672,0.679,2019-09-16,37,2019,0.12099999999999997,0.607262710859147
64.5999984741211,63.70000076293945,63.81999969482422,64.1500015258789,1714900.0,61.383636474609375,0.58,2019-09-17,37,2019,0.12099999999999997,0.607262710859147
64.55999755859375,62.959999084472656,64.44000244140625,63.61000061035156,1989600.0,60.86692428588867,-0.842,2019-09-18,37,2019,0.12099999999999997,0.607262710859147
63.970001220703125,63.459999084472656,63.779998779296875,63.7400016784668,1017100.0,60.99131393432617,0.204,2019-09-19,37,2019,0.12099999999999997,0.607262710859147
64.2699966430664,63.66999816894531,63.91999816894531,63.72999954223633,2881700.0,60.981746673583984,-0.016,2019-09-20,37,2019,0.12099999999999997,0.607262710859147
64.06999969482422,62.88999938964844,63.84000015258789,63.279998779296875,1206500.0,60.5511589050293,-0.706,2019-09-23,38,2019,0.11739999999999999,0.6197618897608984
64.02999877929688,63.380001068115234,63.529998779296875,63.900001525878906,1883500.0,61.1444206237793,0.98,2019-09-24,38,2019,0.11739999999999999,0.6197618897608984
64.48999786376953,63.810001373291016,64.0199966430664,64.05999755859375,1413700.0,61.297515869140625,0.25,2019-09-25,38,2019,0.11739999999999999,0.6197618897608984
64.98999786376953,63.81999969482422,64.73999786376953,64.20999908447266,1644200.0,61.4410514831543,0.234,2019-09-26,38,2019,0.11739999999999999,0.6197618897608984
64.47000122070312,63.90999984741211,64.37000274658203,64.0999984741211,1713300.0,61.335792541503906,-0.171,2019-09-27,38,2019,0.11739999999999999,0.6197618897608984
64.62000274658203,63.90999984741211,64.23999786376953,64.3499984741211,2069400.0,61.575008392333984,0.39,2019-09-30,39,2019,-0.392,1.3380805282194341
64.69999694824219,62.91999816894531,64.4000015258789,63.099998474121094,1596800.0,60.3789176940918,-1.942,2019-10-01,39,2019,-0.392,1.3380805282194341
63.38999938964844,61.58000183105469,62.970001220703125,61.9900016784668,1601100.0,59.3167839050293,-1.759,2019-10-02,39,2019,-0.392,1.3380805282194341
62.65999984741211,61.619998931884766,62.2599983215332,62.40999984741211,1742100.0,59.71867370605469,0.678,2019-10-03,39,2019,-0.392,1.3380805282194341
62.86000061035156,62.22999954223633,62.5099983215332,62.83000183105469,968200.0,60.12056350708008,0.673,2019-10-04,39,2019,-0.392,1.3380805282194341
63.209999084472656,62.27000045776367,62.650001525878906,62.68000030517578,1313100.0,59.977027893066406,-0.239,2019-10-07,40,2019,-0.2218,0.7283170326169779
62.70000076293945,61.81999969482422,62.650001525878906,61.84000015258789,1694000.0,59.173248291015625,-1.34,2019-10-08,40,2019,-0.2218,0.7283170326169779
62.22999954223633,61.7599983215332,62.0,62.119998931884766,941300.0,59.44118118286133,0.453,2019-10-09,40,2019,-0.2218,0.7283170326169779
62.5,61.709999084472656,61.709999084472656,62.369998931884766,1026600.0,59.680397033691406,0.402,2019-10-10,40,2019,-0.2218,0.7283170326169779
62.61000061035156,61.79999923706055,62.25,62.130001068115234,1230800.0,59.450748443603516,-0.385,2019-10-11,40,2019,-0.2218,0.7283170326169779
62.5,61.59000015258789,62.33000183105469,62.38999938964844,1657800.0,59.69953155517578,0.418,2019-10-14,41,2019,-0.05739999999999999,0.9858956841370187
62.63999938964844,61.22999954223633,62.400001525878906,61.93000030517578,1628900.0,59.25937271118164,-0.737,2019-10-15,41,2019,-0.05739999999999999,0.9858956841370187
62.41999816894531,61.13999938964844,62.02000045776367,61.33000183105469,1997000.0,58.68524932861328,-0.969,2019-10-16,41,2019,-0.05739999999999999,0.9858956841370187
62.439998626708984,61.04999923706055,61.279998779296875,62.209999084472656,1480400.0,59.52729415893555,1.435,2019-10-17,41,2019,-0.05739999999999999,0.9858956841370187
62.83000183105469,61.810001373291016,62.2400016784668,61.939998626708984,1842100.0,59.26893615722656,-0.434,2019-10-18,41,2019,-0.05739999999999999,0.9858956841370187
62.880001068115234,61.95000076293945,62.22999954223633,62.5,1348400.0,59.80479049682617,0.904,2019-10-21,42,2019,-0.33840000000000003,0.8776908909177537
62.779998779296875,62.02000045776367,62.5099983215332,62.08000183105469,1251600.0,59.40290451049805,-0.672,2019-10-22,42,2019,-0.33840000000000003,0.8776908909177537
62.31999969482422,61.880001068115234,62.11000061035156,62.209999084472656,953600.0,59.52729415893555,0.209,2019-10-23,42,2019,-0.33840000000000003,0.8776908909177537
61.959999084472656,61.060001373291016,61.959999084472656,61.65999984741211,979900.0,59.00101852416992,-0.884,2019-10-24,42,2019,-0.33840000000000003,0.8776908909177537
61.91999816894531,60.650001525878906,61.7599983215332,60.88999938964844,1493700.0,58.264225006103516,-1.249,2019-10-25,42,2019,-0.33840000000000003,0.8776908909177537
61.2599983215332,60.650001525878906,61.09000015258789,61.060001373291016,2651400.0,58.4268913269043,0.279,2019-10-28,43,2019,0.9075999999999999,1.38590198066097
64.36000061035156,61.54999923706055,63.0,62.869998931884766,4785900.0,60.15883255004883,2.964,2019-10-29,43,2019,0.9075999999999999,1.38590198066097
63.97999954223633,62.869998931884766,63.31999969482422,63.880001068115234,2585300.0,61.12528610229492,1.607,2019-10-30,43,2019,0.9075999999999999,1.38590198066097
64.06999969482422,62.970001220703125,63.880001068115234,63.529998779296875,1820700.0,60.790367126464844,-0.548,2019-10-31,43,2019,0.9075999999999999,1.38590198066097
64.0199966430664,63.290000915527344,63.470001220703125,63.68000030517578,1863300.0,60.93391036987305,0.236,2019-11-01,43,2019,0.9075999999999999,1.38590198066097
63.869998931884766,63.060001373291016,63.709999084472656,63.560001373291016,1500400.0,60.8190803527832,-0.188,2019-11-04,44,2019,0.10039999999999996,0.8990707981021295
63.9900016784668,63.36000061035156,63.7400016784668,63.52000045776367,1501400.0,60.78080749511719,-0.063,2019-11-05,44,2019,0.10039999999999996,0.8990707981021295
65.11000061035156,63.970001220703125,64.05000305175781,64.41000366210938,3031800.0,61.63243103027344,1.401,2019-11-06,44,2019,0.10039999999999996,0.8990707981021295
64.41000366210938,63.20000076293945,64.30999755859375,63.72999954223633,1512500.0,60.981746673583984,-1.056,2019-11-07,44,2019,0.10039999999999996,0.8990707981021295
64.4000015258789,63.63999938964844,64.02999877929688,63.9900016784668,1352000.0,61.23054122924805,0.408,2019-11-08,44,2019,0.10039999999999996,0.8990707981021295
63.880001068115234,63.040000915527344,63.83000183105469,63.470001220703125,1027000.0,60.732967376708984,-0.813,2019-11-11,45,2019,0.2112,0.8293091703339593
64.16000366210938,63.27000045776367,63.5,63.970001220703125,1550100.0,61.211402893066406,0.788,2019-11-12,45,2019,0.2112,0.8293091703339593
64.62999725341797,63.79999923706055,64.08999633789062,64.41000366210938,2036600.0,61.63243103027344,0.688,2019-11-13,45,2019,0.2112,0.8293091703339593
64.66999816894531,63.779998779296875,64.54000091552734,64.05000305175781,1600300.0,61.28795623779297,-0.559,2019-11-14,45,2019,0.2112,0.8293091703339593
64.87999725341797,63.77000045776367,63.970001220703125,64.66000366210938,1772900.0,61.871646881103516,0.952,2019-11-15,45,2019,0.2112,0.8293091703339593
65.5,64.44000244140625,64.95999908447266,65.43000030517578,1637300.0,62.60844039916992,1.191,2019-11-18,46,2019,-0.04359999999999994,0.80136152889941
65.45999908447266,65.12000274658203,65.36000061035156,65.31999969482422,1070500.0,62.50318908691406,-0.168,2019-11-19,46,2019,-0.04359999999999994,0.80136152889941
65.41999816894531,64.83999633789062,65.31999969482422,65.37999725341797,1511300.0,62.560604095458984,0.092,2019-11-20,46,2019,-0.04359999999999994,0.80136152889941
65.44999694824219,64.70999908447266,65.19999694824219,64.72000122070312,1609000.0,61.92905807495117,-1.009,2019-11-21,46,2019,-0.04359999999999994,0.80136152889941
65.26000213623047,64.31999969482422,64.97000122070312,64.51000213623047,974200.0,61.72811508178711,-0.324,2019-11-22,46,2019,-0.04359999999999994,0.80136152889941
64.7699966430664,64.12000274658203,64.63999938964844,64.33999633789062,1262400.0,61.5654411315918,-0.264,2019-11-25,47,2019,0.45725,0.9083635010280852
65.52999877929688,64.12999725341797,64.43000030517578,65.48999786376953,1781700.0,62.66585159301758,1.787,2019-11-26,47,2019,0.45725,0.9083635010280852
65.94000244140625,65.31999969482422,65.61000061035156,65.61000061035156,1553300.0,62.78067398071289,0.183,2019-11-27,47,2019,0.45725,0.9083635010280852
65.48999786376953,64.68000030517578,65.02999877929688,65.12000274658203,1043600.0,62.85790252685547,0.123,2019-11-29,47,2019,0.45725,0.9083635010280852
65.44999694824219,64.56999969482422,64.91999816894531,65.41999816894531,1383200.0,63.14747619628906,0.461,2019-12-02,48,2019,0.33599999999999997,0.2733834303684113
65.66000366210938,65.08999633789062,65.41000366210938,65.6500015258789,1539700.0,63.36948776245117,0.352,2019-12-03,48,2019,0.33599999999999997,0.2733834303684113
66.30000305175781,65.0,65.0,65.7300033569336,1821400.0,63.44670486450195,0.122,2019-12-04,48,2019,0.33599999999999997,0.2733834303684113
65.77999877929688,65.27999877929688,65.68000030517578,65.75,1129000.0,63.466007232666016,0.03,2019-12-05,48,2019,0.33599999999999997,0.2733834303684113
66.45999908447266,65.83000183105469,65.91000366210938,66.22000122070312,995200.0,63.91968536376953,0.715,2019-12-06,48,2019,0.33599999999999997,0.2733834303684113
66.8499984741211,66.05000305175781,66.13999938964844,66.54000091552734,1255500.0,64.22856903076172,0.483,2019-12-09,49,2019,0.009800000000000003,0.4492813149909531
66.87000274658203,66.26000213623047,66.69000244140625,66.63999938964844,1184400.0,64.3250961303711,0.15,2019-12-10,49,2019,0.009800000000000003,0.4492813149909531
66.66999816894531,66.02999877929688,66.5999984741211,66.1500015258789,1457900.0,63.85211944580078,-0.735,2019-12-11,49,2019,0.009800000000000003,0.4492813149909531
66.79000091552734,66.05000305175781,66.5999984741211,66.19000244140625,1001400.0,63.8907356262207,0.06,2019-12-12,49,2019,0.009800000000000003,0.4492813149909531
66.55999755859375,66.0199966430664,66.05999755859375,66.25,895000.0,63.94865036010742,0.091,2019-12-13,49,2019,0.009800000000000003,0.4492813149909531
66.58999633789062,65.91999816894531,66.47000122070312,66.27999877929688,2043200.0,63.97760009765625,0.045,2019-12-16,50,2019,0.7168,1.2038738305985393
66.41000366210938,65.79000091552734,66.02999877929688,66.0999984741211,1414300.0,63.80385208129883,-0.272,2019-12-17,50,2019,0.7168,1.2038738305985393
66.54000091552734,66.16999816894531,66.41999816894531,66.4800033569336,1300500.0,64.17066192626953,0.575,2019-12-18,50,2019,0.7168,1.2038738305985393
67.12999725341797,66.55000305175781,66.94000244140625,66.77999877929688,1336400.0,64.46023559570312,0.451,2019-12-19,50,2019,0.7168,1.2038738305985393
68.7699966430664,67.58999633789062,67.9000015258789,68.63999938964844,5272800.0,66.25562286376953,2.785,2019-12-20,50,2019,0.7168,1.2038738305985393
68.94999694824219,68.13999938964844,68.83000183105469,68.77999877929688,1773500.0,66.39076232910156,0.204,2019-12-23,51,2019,0.1895,0.4579472313123714
69.12000274658203,68.55999755859375,68.81999969482422,68.93000030517578,902500.0,66.53553771972656,0.218,2019-12-24,51,2019,0.1895,0.4579472313123714
69.06999969482422,68.5,68.95999908447266,68.66000366210938,1093400.0,66.2749252319336,-0.392,2019-12-26,51,2019,0.1895,0.4579472313123714
69.31999969482422,68.66000366210938,68.66000366210938,69.16000366210938,769600.0,66.75756072998047,0.728,2019-12-27,51,2019,0.1895,0.4579472313123714
69.11000061035156,68.55000305175781,68.91000366210938,68.77999877929688,737900.0,66.39076232910156,-0.549,2019-12-30,52,2019,0.0015000000000000013,0.7785245660863889
69.2300033569336,68.56999969482422,68.7699966430664,69.16000366210938,1053300.0,66.75756072998047,0.552,2019-12-31,52,2019,0.0015000000000000013,0.7785245660863889
69.25,67.37999725341797,69.12999725341797,67.63999938964844,2699500.0,65.29035949707031,-2.198,2020-01-02,00,2020,-0.833,1.9304015126392746
68.36000061035156,67.4000015258789,67.5199966430664,68.0,1240600.0,65.63784790039062,0.532,2020-01-03,00,2020,-0.833,1.9304015126392746
68.12999725341797,67.55000305175781,68.0,67.94000244140625,1323600.0,65.57994079589844,-0.088,2020-01-06,01,2020,0.372,0.5332340011664672
70.0,68.63999938964844,69.31999969482422,68.80999755859375,2412000.0,66.41971588134766,1.281,2020-01-07,01,2020,0.372,0.5332340011664672
69.20999908447266,68.51000213623047,68.77999877929688,68.88999938964844,1270300.0,66.49693298339844,0.116,2020-01-08,01,2020,0.372,0.5332340011664672
69.33999633789062,68.52999877929688,69.31999969482422,69.13999938964844,1436300.0,66.7382583618164,0.363,2020-01-09,01,2020,0.372,0.5332340011664672
69.52999877929688,69.18000030517578,69.27999877929688,69.2699966430664,1418500.0,66.86373138427734,0.188,2020-01-10,01,2020,0.372,0.5332340011664672
70.0,69.27999877929688,69.41000366210938,69.70999908447266,1778200.0,67.2884521484375,0.635,2020-01-13,02,2020,0.4608,0.19388063338043848
70.0,69.55999755859375,69.70999908447266,70.0,1426400.0,67.5683822631836,0.416,2020-01-14,02,2020,0.4608,0.19388063338043848
70.62999725341797,69.87999725341797,70.0,70.2699966430664,1398400.0,67.82899475097656,0.386,2020-01-15,02,2020,0.4608,0.19388063338043848
70.86000061035156,70.2699966430664,70.5,70.73999786376953,1337400.0,68.28266906738281,0.669,2020-01-16,02,2020,0.4608,0.19388063338043848
71.05000305175781,70.4800033569336,70.80999755859375,70.87999725341797,1846600.0,68.41780090332031,0.198,2020-01-17,02,2020,0.4608,0.19388063338043848
71.01000213623047,70.30999755859375,70.70999908447266,70.5999984741211,2175600.0,68.14753723144531,-0.395,2020-01-21,03,2020,-0.54575,0.7532942652111458
70.81999969482422,70.02999877929688,70.4000015258789,70.26000213623047,1727400.0,67.81935119628906,-0.482,2020-01-22,03,2020,-0.54575,0.7532942652111458
70.80000305175781,69.69000244140625,69.81999969482422,70.44000244140625,1535100.0,67.99309539794922,0.256,2020-01-23,03,2020,-0.54575,0.7532942652111458
70.7300033569336,69.11000061035156,70.7300033569336,69.33999633789062,1506500.0,66.9312973022461,-1.562,2020-01-24,03,2020,-0.54575,0.7532942652111458
69.58999633789062,68.72000122070312,68.88999938964844,69.02999877929688,1618000.0,66.63207244873047,-0.447,2020-01-27,04,2020,-0.3262,0.6495888699785427
69.41000366210938,68.88999938964844,68.98999786376953,68.9800033569336,1127000.0,66.58381652832031,-0.072,2020-01-28,04,2020,-0.3262,0.6495888699785427
69.02999877929688,68.38999938964844,68.94999694824219,68.43000030517578,1677500.0,66.05292510986328,-0.797,2020-01-29,04,2020,-0.3262,0.6495888699785427
68.95999908447266,68.04000091552734,68.33000183105469,68.87999725341797,1412900.0,66.48728942871094,0.658,2020-01-30,04,2020,-0.3262,0.6495888699785427
69.20999908447266,68.01000213623047,68.8499984741211,68.20999908447266,2746400.0,65.84056091308594,-0.973,2020-01-31,04,2020,-0.3262,0.6495888699785427
69.2300033569336,68.3499984741211,68.58000183105469,68.83999633789062,1872900.0,66.44867706298828,0.924,2020-02-03,05,2020,-1.141,4.152784969150221
69.66000366210938,68.62999725341797,69.16999816894531,68.68000030517578,1978100.0,66.29422760009766,-0.232,2020-02-04,05,2020,-1.141,4.152784969150221
69.61000061035156,68.81999969482422,68.81999969482422,69.36000061035156,2393700.0,66.95060729980469,0.99,2020-02-05,05,2020,-1.141,4.152784969150221
66.37999725341797,63.150001525878906,64.22000122070312,63.459999084472656,7661100.0,61.25556182861328,-8.506,2020-02-06,05,2020,-1.141,4.152784969150221
64.29000091552734,62.380001068115234,63.2599983215332,64.16999816894531,4297500.0,61.940895080566406,1.119,2020-02-07,05,2020,-1.141,4.152784969150221
65.43000030517578,63.54999923706055,63.95000076293945,65.33999633789062,2973500.0,63.070255279541016,1.823,2020-02-10,06,2020,1.082,0.7647444017447922
66.56999969482422,65.4800033569336,65.58000183105469,66.2699966430664,2601400.0,63.96794509887695,1.423,2020-02-11,06,2020,1.082,0.7647444017447922
67.81999969482422,66.08000183105469,67.5,66.18000030517578,2220000.0,63.881072998046875,-0.136,2020-02-12,06,2020,1.082,0.7647444017447922
67.22000122070312,66.05000305175781,66.22000122070312,67.13999938964844,2275000.0,64.80772399902344,1.451,2020-02-13,06,2020,1.082,0.7647444017447922
67.94999694824219,66.91000366210938,67.08000183105469,67.70999908447266,1567500.0,65.35792541503906,0.849,2020-02-14,06,2020,1.082,0.7647444017447922
67.37000274658203,66.52999877929688,67.2300033569336,67.1500015258789,1570300.0,64.81739044189453,-0.827,2020-02-18,07,2020,-0.8177500000000001,0.4344762172240655
67.48999786376953,66.25,67.16000366210938,66.30000305175781,1581200.0,63.996910095214844,-1.266,2020-02-19,07,2020,-0.8177500000000001,0.4344762172240655
66.08999633789062,65.0999984741211,65.77999877929688,65.66999816894531,2107400.0,63.38878631591797,-0.95,2020-02-20,07,2020,-0.8177500000000001,0.4344762172240655
65.58000183105469,64.94999694824219,65.4000015258789,65.5199966430664,1824900.0,63.2440071105957,-0.228,2020-02-21,07,2020,-0.8177500000000001,0.4344762172240655
65.05000305175781,63.93000030517578,64.68000030517578,64.5,2539600.0,62.25943374633789,-1.557,2020-02-24,08,2020,-1.589,0.7587348021542177
64.88999938964844,62.880001068115234,64.66000366210938,63.38999938964844,2541000.0,61.187992095947266,-1.721,2020-02-25,08,2020,-1.589,0.7587348021542177
64.23999786376953,62.56999969482422,63.63999938964844,62.77000045776367,1863200.0,60.58953094482422,-0.978,2020-02-26,08,2020,-1.589,0.7587348021542177
62.36000061035156,60.91999816894531,62.15999984741211,61.02000045776367,2670100.0,58.900325775146484,-2.788,2020-02-27,08,2020,-1.589,0.7587348021542177
60.72999954223633,57.709999084472656,60.0,60.470001220703125,4526500.0,58.36943054199219,-0.901,2020-02-28,08,2020,-1.589,0.7587348021542177
63.13999938964844,60.119998931884766,60.209999084472656,63.13999938964844,2584200.0,61.526641845703125,5.409,2020-03-02,09,2020,1.1098000000000003,2.9726482637540554
64.41999816894531,62.04999923706055,63.150001525878906,62.650001525878906,2002100.0,61.049163818359375,-0.776,2020-03-03,09,2020,1.1098000000000003,2.9726482637540554
64.61000061035156,63.0,63.349998474121094,64.55000305175781,2405400.0,62.900611877441406,3.033,2020-03-04,09,2020,1.1098000000000003,2.9726482637540554
64.58000183105469,63.279998779296875,63.72999954223633,63.65999984741211,1517400.0,62.03335189819336,-1.379,2020-03-05,09,2020,1.1098000000000003,2.9726482637540554
63.380001068115234,61.540000915527344,61.91999816894531,63.189998626708984,2288900.0,61.57535934448242,-0.738,2020-03-06,09,2020,1.1098000000000003,2.9726482637540554
63.16999816894531,60.0,60.209999084472656,62.40999984741211,2756700.0,60.81528854370117,-1.234,2020-03-09,10,2020,0.27059999999999995,5.611210546753704
64.19999694824219,60.380001068115234,62.869998931884766,62.88999938964844,2817400.0,61.283023834228516,0.769,2020-03-10,10,2020,0.27059999999999995,5.611210546753704
62.13999938964844,60.189998626708984,61.459999084472656,61.689998626708984,2204700.0,60.11368942260742,-1.908,2020-03-11,10,2020,0.27059999999999995,5.611210546753704
60.0,56.84000015258789,58.52000045776367,58.189998626708984,3827000.0,56.70311737060547,-5.674,2020-03-12,10,2020,0.27059999999999995,5.611210546753704
63.779998779296875,59.5099983215332,60.06999969482422,63.65999984741211,3606900.0,62.03335189819336,9.4,2020-03-13,10,2020,0.27059999999999995,5.611210546753704
64.86000061035156,58.25,58.369998931884766,62.560001373291016,3749000.0,60.96146011352539,-1.728,2020-03-16,11,2020,-2.3051999999999997,8.556046148776899
69.37000274658203,62.209999084472656,63.38999938964844,69.22000122070312,5196900.0,67.45128631591797,10.646,2020-03-17,11,2020,-2.3051999999999997,8.556046148776899
70.36000061035156,64.45999908447266,67.30000305175781,68.95999908447266,3960500.0,67.19792175292969,-0.376,2020-03-18,11,2020,-2.3051999999999997,8.556046148776899
68.75,61.06999969482422,68.45999908447266,61.43000030517578,4733200.0,59.86033248901367,-10.919,2020-03-19,11,2020,-2.3051999999999997,8.556046148776899
61.529998779296875,55.34000015258789,61.470001220703125,55.810001373291016,4767300.0,54.38393783569336,-9.149,2020-03-20,11,2020,-2.3051999999999997,8.556046148776899
56.790000915527344,52.65999984741211,55.20000076293945,53.560001373291016,3242800.0,52.191429138183594,-4.032,2020-03-23,12,2020,1.3337999999999999,3.7322171962521153
56.95000076293945,54.02000045776367,54.7599983215332,56.27000045776367,2913500.0,54.83218002319336,5.06,2020-03-24,12,2020,1.3337999999999999,3.7322171962521153
59.27000045776367,54.709999084472656,56.0,56.16999816894531,3320300.0,54.734737396240234,-0.178,2020-03-25,12,2020,1.3337999999999999,3.7322171962521153
59.619998931884766,55.599998474121094,56.25,58.7599983215332,3345400.0,57.2585563659668,4.611,2020-03-26,12,2020,1.3337999999999999,3.7322171962521153
60.93000030517578,57.040000915527344,57.720001220703125,59.470001220703125,2546000.0,57.950416564941406,1.208,2020-03-27,12,2020,1.3337999999999999,3.7322171962521153
61.5,59.77000045776367,60.380001068115234,60.90999984741211,1915000.0,59.35361862182617,2.421,2020-03-30,13,2020,1.3614000000000002,1.9978625578352482
61.83000183105469,59.709999084472656,61.099998474121094,59.9900016784668,2351200.0,58.45712661743164,-1.51,2020-03-31,13,2020,1.3614000000000002,1.9978625578352482
61.40999984741211,58.369998931884766,59.0099983215332,61.09000015258789,2476700.0,59.52901840209961,1.834,2020-04-01,13,2020,1.3614000000000002,1.9978625578352482
61.97999954223633,59.63999938964844,60.279998779296875,61.31999969482422,2147100.0,59.753143310546875,0.376,2020-04-02,13,2020,1.3614000000000002,1.9978625578352482
63.939998626708984,60.68000030517578,60.68000030517578,63.58000183105469,1598200.0,61.95539855957031,3.686,2020-04-03,13,2020,1.3614000000000002,1.9978625578352482
64.55999755859375,61.869998931884766,64.55999755859375,63.5099983215332,3152000.0,61.88718032836914,-0.11,2020-04-06,14,2020,-0.3205,1.7572991587471194
65.02999877929688,62.02000045776367,63.79999923706055,62.54999923706055,2515000.0,60.95170974731445,-1.512,2020-04-07,14,2020,-0.3205,1.7572991587471194
62.83000183105469,61.0,62.599998474121094,61.459999084472656,2632500.0,59.889564514160156,-1.743,2020-04-08,14,2020,-0.3205,1.7572991587471194
64.0,60.97999954223633,60.97999954223633,62.7400016784668,2618100.0,61.136863708496094,2.083,2020-04-09,14,2020,-0.3205,1.7572991587471194
63.0,61.20000076293945,62.439998626708984,62.79999923706055,1596600.0,61.19532775878906,0.096,2020-04-13,15,2020,0.7224,1.189172106971905
64.38999938964844,63.02000045776367,63.880001068115234,63.619998931884766,2498800.0,61.9943733215332,1.306,2020-04-14,15,2020,0.7224,1.189172106971905
63.619998931884766,62.5,63.619998931884766,62.95000076293945,1748200.0,61.34149169921875,-1.053,2020-04-15,15,2020,0.7224,1.189172106971905
64.43000030517578,62.7400016784668,63.459999084472656,64.12999725341797,2561400.0,62.49134063720703,1.875,2020-04-16,15,2020,0.7224,1.189172106971905
65.05000305175781,63.459999084472656,64.37999725341797,65.0199966430664,2390500.0,63.35859680175781,1.388,2020-04-17,15,2020,0.7224,1.189172106971905
67.1500015258789,64.76000213623047,65.0999984741211,66.25,2395400.0,64.55716705322266,1.892,2020-04-20,16,2020,-0.278,1.2760148901952517
66.23999786376953,64.52999877929688,65.86000061035156,65.5199966430664,2414600.0,63.845821380615234,-1.102,2020-04-21,16,2020,-0.278,1.2760148901952517
66.02999877929688,64.68000030517578,65.87000274658203,64.68000030517578,1404500.0,63.027286529541016,-1.282,2020-04-22,16,2020,-0.278,1.2760148901952517
64.93000030517578,64.08999633789062,64.12999725341797,64.5,1611300.0,62.85188674926758,-0.278,2020-04-23,16,2020,-0.278,1.2760148901952517
64.91999816894531,63.2400016784668,64.91999816894531,64.0999984741211,1884000.0,62.46210861206055,-0.62,2020-04-24,16,2020,-0.278,1.2760148901952517
65.5199966430664,64.0199966430664,64.77999877929688,65.0999984741211,2098700.0,63.43655014038086,1.56,2020-04-27,17,2020,0.2428,1.293063687526643
66.20999908447266,65.0199966430664,65.31999969482422,65.76000213623047,2148300.0,64.0796890258789,1.014,2020-04-28,17,2020,0.2428,1.293063687526643
66.2300033569336,64.86000061035156,65.12000274658203,64.9000015258789,2242500.0,63.24166488647461,-1.308,2020-04-29,17,2020,0.2428,1.293063687526643
67.88999938964844,64.41999816894531,66.51000213623047,65.5,3893000.0,63.82633972167969,0.925,2020-04-30,17,2020,0.2428,1.293063687526643
65.8499984741211,64.58999633789062,65.19999694824219,64.86000061035156,1951400.0,63.202693939208984,-0.977,2020-05-01,17,2020,0.2428,1.293063687526643
65.0999984741211,63.52000045776367,64.87000274658203,63.66999816894531,1525800.0,62.043094635009766,-1.835,2020-05-04,18,2020,-0.35419999999999996,1.7510707295823318
64.19000244140625,63.13999938964844,63.59000015258789,63.2400016784668,1769000.0,61.62408447265625,-0.675,2020-05-05,18,2020,-0.35419999999999996,1.7510707295823318
64.37999725341797,62.869998931884766,63.29999923706055,64.08999633789062,1792900.0,62.45235824584961,1.344,2020-05-06,18,2020,-0.35419999999999996,1.7510707295823318
64.66999816894531,62.5099983215332,64.44999694824219,62.689998626708984,1626400.0,61.088134765625,-2.184,2020-05-07,18,2020,-0.35419999999999996,1.7510707295823318
63.83000183105469,62.7599983215332,63.209999084472656,63.68000030517578,1362800.0,62.05284118652344,1.579,2020-05-08,18,2020,-0.35419999999999996,1.7510707295823318
64.38999938964844,63.130001068115234,63.70000076293945,63.2599983215332,1682800.0,61.64357376098633,-0.66,2020-05-11,19,2020,0.12479999999999995,0.8132961945072656
64.44999694824219,63.5099983215332,63.560001373291016,63.529998779296875,1358000.0,61.906673431396484,0.427,2020-05-12,19,2020,0.12479999999999995,0.8132961945072656
64.97000122070312,63.56999969482422,63.56999969482422,64.16999816894531,1569800.0,62.53031921386719,1.007,2020-05-13,19,2020,0.12479999999999995,0.8132961945072656
64.94000244140625,62.83000183105469,64.41000366210938,63.650001525878906,2104000.0,62.02360534667969,-0.81,2020-05-14,19,2020,0.12479999999999995,0.8132961945072656
64.95999908447266,63.5,63.630001068115234,64.06999969482422,3931400.0,62.43287658691406,0.66,2020-05-15,19,2020,0.12479999999999995,0.8132961945072656
64.5199966430664,62.93000030517578,64.44999694824219,63.75,3166000.0,62.121055603027344,-0.499,2020-05-18,20,2020,-0.6188,1.3382388426585143
63.849998474121094,62.31999969482422,63.709999084472656,62.43000030517578,2214800.0,60.834781646728516,-2.071,2020-05-19,20,2020,-0.6188,1.3382388426585143
62.779998779296875,61.4900016784668,62.33000183105469,62.47999954223633,2039500.0,60.88350296020508,0.08,2020-05-20,20,2020,-0.6188,1.3382388426585143
62.47999954223633,60.720001220703125,62.38999938964844,61.369998931884766,2222700.0,59.80186462402344,-1.777,2020-05-21,20,2020,-0.6188,1.3382388426585143
62.15999984741211,60.91999816894531,61.27000045776367,62.09000015258789,1338000.0,60.50346755981445,1.173,2020-05-22,20,2020,-0.6188,1.3382388426585143
62.790000915527344,61.93000030517578,62.29999923706055,62.119998931884766,1980200.0,60.53269958496094,0.048,2020-05-26,21,2020,1.50475,1.7401604092726626
64.61000061035156,61.95000076293945,62.20000076293945,64.61000061035156,2396600.0,62.95907211303711,4.008,2020-05-27,21,2020,1.50475,1.7401604092726626
65.83999633789062,64.79000091552734,65.05999755859375,65.41999816894531,3305900.0,63.74838638305664,1.254,2020-05-28,21,2020,1.50475,1.7401604092726626
65.63999938964844,64.12000274658203,64.87000274658203,65.30999755859375,2947300.0,64.2005615234375,0.709,2020-05-29,21,2020,1.50475,1.7401604092726626
66.3499984741211,64.97000122070312,65.52999877929688,66.11000061035156,1767800.0,64.98697662353516,1.225,2020-06-01,22,2020,0.10479999999999996,1.5829073567331728
66.87000274658203,65.2300033569336,65.97000122070312,66.80999755859375,2516400.0,65.67507934570312,1.059,2020-06-02,22,2020,0.10479999999999996,1.5829073567331728
67.22000122070312,65.37999725341797,67.16999816894531,65.43000030517578,2731700.0,64.31852722167969,-2.066,2020-06-03,22,2020,0.10479999999999996,1.5829073567331728
65.54000091552734,64.2699966430664,65.22000122070312,64.70999908447266,1519600.0,63.61076354980469,-1.1,2020-06-04,22,2020,0.10479999999999996,1.5829073567331728
66.2300033569336,64.43000030517578,64.87000274658203,65.62000274658203,2468100.0,64.50530242919922,1.406,2020-06-05,22,2020,0.10479999999999996,1.5829073567331728
67.5199966430664,65.16000366210938,65.26000213623047,67.16999816894531,2734700.0,66.02896881103516,2.362,2020-06-08,23,2020,-0.603,2.4108558646256726
67.11000061035156,66.01000213623047,67.0,66.19999694824219,1736100.0,65.075439453125,-1.444,2020-06-09,23,2020,-0.603,2.4108558646256726
66.94999694824219,66.1500015258789,66.41000366210938,66.5199966430664,2026700.0,65.39000701904297,0.483,2020-06-10,23,2020,-0.603,2.4108558646256726
65.9800033569336,63.7599983215332,65.52999877929688,63.77000045776367,2240100.0,62.68672561645508,-4.134,2020-06-11,23,2020,-0.603,2.4108558646256726
64.55000305175781,63.06999969482422,64.27999877929688,63.59000015258789,2667900.0,62.50978469848633,-0.282,2020-06-12,23,2020,-0.603,2.4108558646256726
65.54000091552734,62.720001220703125,63.27000045776367,65.48999786376953,3147600.0,64.37750244140625,2.988,2020-06-15,24,2020,1.2895999999999996,1.148284503074042
67.05999755859375,65.66000366210938,66.01000213623047,66.68000030517578,2662600.0,65.54729461669922,1.817,2020-06-16,24,2020,1.2895999999999996,1.148284503074042
67.6500015258789,66.79000091552734,66.8499984741211,67.08000183105469,3835400.0,65.94049835205078,0.6,2020-06-17,24,2020,1.2895999999999996,1.148284503074042
67.81999969482422,66.80000305175781,66.95999908447266,67.75,3066800.0,66.59912109375,0.999,2020-06-18,24,2020,1.2895999999999996,1.148284503074042
68.55000305175781,67.30000305175781,68.19999694824219,67.77999877929688,6451600.0,66.62860870361328,0.044,2020-06-19,24,2020,1.2895999999999996,1.148284503074042
67.69000244140625,66.3499984741211,67.58999633789062,66.69999694824219,3319300.0,65.56695556640625,-1.593,2020-06-22,25,2020,-1.1764,1.4092912403048563
67.45999908447266,66.25,67.02999877929688,66.31999969482422,2876300.0,65.19340515136719,-0.57,2020-06-23,25,2020,-1.1764,1.4092912403048563
66.23999786376953,64.27999877929688,66.23999786376953,64.87999725341797,2330900.0,63.77786636352539,-2.171,2020-06-24,25,2020,-1.1764,1.4092912403048563
65.7699966430664,64.37999725341797,64.77999877929688,65.51000213623047,1795600.0,64.39717102050781,0.971,2020-06-25,25,2020,-1.1764,1.4092912403048563
66.0999984741211,63.68000030517578,65.69999694824219,63.86000061035156,2582700.0,62.77519989013672,-2.519,2020-06-26,25,2020,-1.1764,1.4092912403048563
65.48999786376953,64.01000213623047,64.08000183105469,65.08000183105469,1950300.0,63.97447967529297,1.91,2020-06-29,26,2020,0.94875,0.9462583773297157
66.2300033569336,65.0,65.52999877929688,66.05999755859375,2095100.0,64.93782806396484,1.506,2020-06-30,26,2020,0.94875,0.9462583773297157
66.55999755859375,65.5,66.06999969482422,65.93000030517578,1777000.0,64.8100357055664,-0.197,2020-07-01,26,2020,0.94875,0.9462583773297157
66.75,66.12000274658203,66.31999969482422,66.30999755859375,1018200.0,65.18357849121094,0.576,2020-07-02,26,2020,0.94875,0.9462583773297157
67.19000244140625,65.77999877929688,66.75,66.19999694824219,1450700.0,65.075439453125,-0.166,2020-07-06,27,2020,0.26899999999999996,1.1201598100271228
66.98999786376953,65.58000183105469,66.01000213623047,66.61000061035156,1233500.0,65.47848510742188,0.619,2020-07-07,27,2020,0.26899999999999996,1.1201598100271228
66.69999694824219,65.4800033569336,66.69000244140625,66.61000061035156,2506000.0,65.47848510742188,0.0,2020-07-08,27,2020,0.26899999999999996,1.1201598100271228
66.51000213623047,65.68000030517578,66.23999786376953,65.9000015258789,1708300.0,64.78054809570312,-1.066,2020-07-09,27,2020,0.26899999999999996,1.1201598100271228
67.27999877929688,65.94999694824219,66.05999755859375,67.19000244140625,1794000.0,66.04863739013672,1.958,2020-07-10,27,2020,0.26899999999999996,1.1201598100271228
67.9000015258789,66.47000122070312,67.77999877929688,66.94999694824219,2133600.0,65.81270599365234,-0.357,2020-07-13,28,2020,0.4295999999999999,1.0579481556295656
68.48999786376953,66.51000213623047,66.69999694824219,68.4000015258789,1764300.0,67.23807525634766,2.166,2020-07-14,28,2020,0.4295999999999999,1.0579481556295656
69.05000305175781,67.94999694824219,68.3499984741211,68.08999633789062,1242900.0,66.93334197998047,-0.453,2020-07-15,28,2020,0.4295999999999999,1.0579481556295656
69.04000091552734,67.83000183105469,68.13999938964844,68.23999786376953,1213200.0,67.08079528808594,0.22,2020-07-16,28,2020,0.4295999999999999,1.0579481556295656
68.83999633789062,68.36000061035156,68.44999694824219,68.62999725341797,1842500.0,67.46417236328125,0.572,2020-07-17,28,2020,0.4295999999999999,1.0579481556295656
68.5,67.18000030517578,68.44999694824219,67.41999816894531,2149700.0,66.27471923828125,-1.763,2020-07-20,29,2020,0.020199999999999996,1.1702947064735445
68.44999694824219,67.4800033569336,67.51000213623047,67.66999816894531,1389500.0,66.52046966552734,0.371,2020-07-21,29,2020,0.020199999999999996,1.1702947064735445
67.70999908447266,66.55000305175781,67.66000366210938,67.45999908447266,1903700.0,66.31404113769531,-0.31,2020-07-22,29,2020,0.020199999999999996,1.1702947064735445
68.4800033569336,67.66000366210938,67.66999816894531,68.41000366210938,1425900.0,67.24790954589844,1.408,2020-07-23,29,2020,0.020199999999999996,1.1702947064735445
69.20999908447266,67.8499984741211,68.6500015258789,68.68000030517578,1217000.0,67.51332092285156,0.395,2020-07-24,29,2020,0.020199999999999996,1.1702947064735445
70.0999984741211,68.5,68.5,69.97000122070312,2354900.0,68.78140258789062,1.878,2020-07-27,30,2020,0.10060000000000002,1.632791566612224
71.31999969482422,69.97000122070312,69.97000122070312,70.91000366210938,2123500.0,69.7054443359375,1.343,2020-07-28,30,2020,0.10060000000000002,1.632791566612224
71.55000305175781,70.58999633789062,71.30000305175781,70.94000244140625,2639800.0,69.73493194580078,0.042,2020-07-29,30,2020,0.10060000000000002,1.632791566612224
72.87999725341797,69.83000183105469,72.0,70.58999633789062,4132900.0,69.390869140625,-0.493,2020-07-30,30,2020,0.10060000000000002,1.632791566612224
70.58000183105469,68.06999969482422,70.0999984741211,68.98999786376953,5541500.0,67.81804656982422,-2.267,2020-07-31,30,2020,0.10060000000000002,1.632791566612224
69.6500015258789,68.76000213623047,69.0,69.3499984741211,1790100.0,68.17193603515625,0.522,2020-08-03,31,2020,0.15419999999999998,0.5044013283091153
69.77999877929688,69.05999755859375,69.36000061035156,69.70999908447266,1872400.0,68.52582550048828,0.519,2020-08-04,31,2020,0.15419999999999998,0.5044013283091153
70.20999908447266,69.16000366210938,69.7699966430664,69.26000213623047,1096600.0,68.08346557617188,-0.646,2020-08-05,31,2020,0.15419999999999998,0.5044013283091153
69.83999633789062,68.94000244140625,69.08999633789062,69.2300033569336,1548600.0,68.0539779663086,-0.043,2020-08-06,31,2020,0.15419999999999998,0.5044013283091153
69.7300033569336,68.69999694824219,69.25,69.5199966430664,1316100.0,68.33905029296875,0.419,2020-08-07,31,2020,0.15419999999999998,0.5044013283091153
69.80000305175781,68.55999755859375,69.58000183105469,69.0199966430664,1476900.0,67.84754180908203,-0.719,2020-08-10,32,2020,-0.11580000000000001,1.13080267951575
69.2300033569336,67.91000366210938,69.06999969482422,68.12999725341797,1386500.0,66.97265625,-1.289,2020-08-11,32,2020,-0.11580000000000001,1.13080267951575
69.83000183105469,68.18000030517578,68.30000305175781,69.27999877929688,1206000.0,68.1031265258789,1.688,2020-08-12,32,2020,-0.11580000000000001,1.13080267951575
69.27999877929688,68.54000091552734,69.27999877929688,69.0199966430664,903000.0,67.84754180908203,-0.375,2020-08-13,32,2020,-0.11580000000000001,1.13080267951575
69.33999633789062,68.61000061035156,68.87000274658203,69.0999984741211,1279100.0,67.92618560791016,0.116,2020-08-14,32,2020,-0.11580000000000001,1.13080267951575
69.79000091552734,68.79000091552734,69.0999984741211,69.68000030517578,1488200.0,68.496337890625,0.839,2020-08-17,33,2020,-0.056600000000000004,1.0453378879577646
70.47000122070312,69.08000183105469,69.54000091552734,70.11000061035156,1750600.0,68.91902923583984,0.617,2020-08-18,33,2020,-0.056600000000000004,1.0453378879577646
70.23999786376953,68.7300033569336,69.97000122070312,68.8499984741211,1653900.0,67.68043518066406,-1.797,2020-08-19,33,2020,-0.056600000000000004,1.0453378879577646
69.23999786376953,68.54000091552734,68.83999633789062,68.73999786376953,1073300.0,67.57229614257812,-0.16,2020-08-20,33,2020,-0.056600000000000004,1.0453378879577646
69.05999755859375,68.16000366210938,68.79000091552734,68.88999938964844,1682700.0,67.7197494506836,0.218,2020-08-21,33,2020,-0.056600000000000004,1.0453378879577646
69.58000183105469,68.41999816894531,68.97000122070312,69.58000183105469,1176700.0,68.39803314208984,1.002,2020-08-24,34,2020,0.47639999999999993,0.6230596279650928
69.83000183105469,68.80000305175781,69.83000183105469,69.48999786376953,1848200.0,68.30956268310547,-0.129,2020-08-25,34,2020,0.47639999999999993,0.6230596279650928
70.47000122070312,69.0199966430664,69.30000305175781,70.37999725341797,1447600.0,69.18444061279297,1.281,2020-08-26,34,2020,0.47639999999999993,0.6230596279650928
71.13999938964844,70.37000274658203,70.5,70.45999908447266,1043500.0,69.2630844116211,0.114,2020-08-27,34,2020,0.47639999999999993,0.6230596279650928
70.77999877929688,69.3499984741211,70.36000061035156,70.54000091552734,1847100.0,69.34172821044922,0.114,2020-08-28,34,2020,0.47639999999999993,0.6230596279650928
71.12999725341797,70.01000213623047,70.06999969482422,70.91000366210938,1713400.0,70.27328491210938,1.343,2020-08-31,35,2020,-0.20380000000000004,1.7007044716822497
70.77999877929688,68.9000015258789,70.44000244140625,69.23999786376953,1716000.0,68.61827850341797,-2.355,2020-09-01,35,2020,-0.20380000000000004,1.7007044716822497
70.80000305175781,69.08000183105469,69.08000183105469,70.41999816894531,1628000.0,69.78768157958984,1.704,2020-09-02,35,2020,-0.20380000000000004,1.7007044716822497
71.6500015258789,69.25,70.30999755859375,69.94000244140625,2082000.0,69.31199645996094,-0.682,2020-09-03,35,2020,-0.20380000000000004,1.7007044716822497
70.25,68.66999816894531,69.69000244140625,69.22000122070312,2563300.0,68.59845733642578,-1.029,2020-09-04,35,2020,-0.20380000000000004,1.7007044716822497
69.58999633789062,65.87000274658203,69.0,66.33999633789062,3153500.0,65.74431610107422,-4.161,2020-09-08,36,2020,-1.38,1.9263462824736364
67.5199966430664,66.08999633789062,66.94999694824219,66.52999877929688,2347900.0,65.93260955810547,0.286,2020-09-09,36,2020,-1.38,1.9263462824736364
67.16999816894531,65.81999969482422,66.41999816894531,66.0,2185400.0,65.4073715209961,-0.797,2020-09-10,36,2020,-1.38,1.9263462824736364
66.0199966430664,65.0999984741211,65.88999938964844,65.44000244140625,2121700.0,64.85240173339844,-0.848,2020-09-11,36,2020,-1.38,1.9263462824736364
66.05999755859375,65.36000061035156,65.55999755859375,65.41999816894531,1666000.0,64.83258056640625,-0.031,2020-09-14,37,2020,-0.7772,1.127673800351857
66.30000305175781,65.12000274658203,65.38999938964844,65.62999725341797,2105800.0,65.04069519042969,0.321,2020-09-15,37,2020,-0.7772,1.127673800351857
65.80999755859375,63.849998474121094,65.58999633789062,63.93000030517578,5199500.0,63.355960845947266,-2.59,2020-09-16,37,2020,-0.7772,1.127673800351857
63.599998474121094,62.66999816894531,63.349998474121094,63.5099983215332,4076600.0,62.939727783203125,-0.657,2020-09-17,37,2020,-0.7772,1.127673800351857
63.560001373291016,62.27000045776367,62.720001220703125,62.91999816894531,5991900.0,62.35502624511719,-0.929,2020-09-18,37,2020,-0.7772,1.127673800351857
63.25,61.90999984741211,62.439998626708984,62.720001220703125,2793800.0,62.15682601928711,-0.318,2020-09-21,38,2020,0.06360000000000003,1.7874502230831493
63.65999984741211,62.41999816894531,62.720001220703125,62.66999816894531,2966700.0,62.10727310180664,-0.08,2020-09-22,38,2020,0.06360000000000003,1.7874502230831493
63.400001525878906,61.09000015258789,63.099998474121094,61.130001068115234,2129300.0,60.58110427856445,-2.457,2020-09-23,38,2020,0.06360000000000003,1.7874502230831493
62.779998779296875,60.84000015258789,61.0,62.650001525878906,2435100.0,62.08745574951172,2.487,2020-09-24,38,2020,0.06360000000000003,1.7874502230831493
63.31999969482422,62.529998779296875,62.61000061035156,63.08000183105469,1592800.0,62.51359558105469,0.686,2020-09-25,38,2020,0.06360000000000003,1.7874502230831493
63.79999923706055,62.83000183105469,63.560001373291016,63.380001068115234,1292600.0,62.81089782714844,0.476,2020-09-28,39,2020,0.5144,0.8013000686384595
63.869998931884766,63.08000183105469,63.77000045776367,63.439998626708984,1661500.0,62.870357513427734,0.095,2020-09-29,39,2020,0.5144,0.8013000686384595
64.73999786376953,63.540000915527344,63.72999954223633,64.58999633789062,2024500.0,64.0100326538086,1.813,2020-09-30,39,2020,0.5144,0.8013000686384595
64.80000305175781,63.65999984741211,64.72000122070312,64.37999725341797,1691200.0,63.801918029785156,-0.325,2020-10-01,39,2020,0.5144,0.8013000686384595
65.22000122070312,63.400001525878906,63.77000045776367,64.70999908447266,1574900.0,64.12895202636719,0.513,2020-10-02,39,2020,0.5144,0.8013000686384595
65.5199966430664,64.51000213623047,64.83999633789062,65.44999694824219,1813200.0,64.8623046875,1.144,2020-10-05,40,2020,0.35239999999999994,0.7643358554980918
65.86000061035156,64.86000061035156,65.48999786376953,65.16000366210938,1374900.0,64.57492065429688,-0.443,2020-10-06,40,2020,0.35239999999999994,0.7643358554980918
65.55999755859375,64.36000061035156,65.12999725341797,64.86000061035156,1354600.0,64.2776107788086,-0.46,2020-10-07,40,2020,0.35239999999999994,0.7643358554980918
65.43000030517578,64.73999786376953,65.05999755859375,65.22000122070312,868500.0,64.6343765258789,0.555,2020-10-08,40,2020,0.35239999999999994,0.7643358554980918
66.22000122070312,65.1500015258789,65.55999755859375,65.8499984741211,1280200.0,65.25872039794922,0.966,2020-10-09,40,2020,0.35239999999999994,0.7643358554980918
66.69999694824219,65.88999938964844,66.0,66.30999755859375,1784900.0,65.71458435058594,0.699,2020-10-12,41,2020,0.3774,0.3710017520174264
66.93000030517578,66.0,66.08000183105469,66.81999969482422,992600.0,66.22000885009766,0.769,2020-10-13,41,2020,0.3774,0.3710017520174264
67.47000122070312,66.56999969482422,66.73999786376953,66.86000061035156,1228100.0,66.25965118408203,0.06,2020-10-14,41,2020,0.3774,0.3710017520174264
67.44000244140625,66.30999755859375,66.63999938964844,67.13999938964844,1891200.0,66.5371322631836,0.419,2020-10-15,41,2020,0.3774,0.3710017520174264
67.56999969482422,66.93000030517578,67.29000091552734,67.0999984741211,1215700.0,66.49749755859375,-0.06,2020-10-16,41,2020,0.3774,0.3710017520174264
67.87000274658203,66.5999984741211,67.1500015258789,66.69000244140625,1644400.0,66.09117889404297,-0.611,2020-10-19,42,2020,-0.1,0.6424056350935909
67.3499984741211,66.19000244140625,67.30000305175781,66.25,1339800.0,65.6551284790039,-0.66,2020-10-20,42,2020,-0.1,0.6424056350935909
66.62000274658203,65.77999877929688,65.91999816894531,65.97000122070312,1122600.0,65.37763977050781,-0.423,2020-10-21,42,2020,-0.1,0.6424056350935909
66.52999877929688,65.5999984741211,66.02999877929688,66.36000061035156,1498000.0,65.7641372680664,0.591,2020-10-22,42,2020,-0.1,0.6424056350935909
67.27999877929688,66.41000366210938,66.80000305175781,66.76000213623047,986400.0,66.16055297851562,0.603,2020-10-23,42,2020,-0.1,0.6424056350935909
66.80000305175781,65.41000366210938,66.58999633789062,65.69999694824219,1413100.0,65.11006164550781,-1.588,2020-10-26,43,2020,-1.185,0.7585585013695385
65.95999908447266,64.88999938964844,65.47000122070312,64.93000030517578,1528000.0,64.34697723388672,-1.172,2020-10-27,43,2020,-1.185,0.7585585013695385
64.76000213623047,63.47999954223633,64.5,63.4900016784668,2557200.0,62.9199104309082,-2.218,2020-10-28,43,2020,-1.185,0.7585585013695385
64.69999694824219,62.650001525878906,63.779998779296875,63.08000183105469,3469800.0,62.51359558105469,-0.646,2020-10-29,43,2020,-1.185,0.7585585013695385
63.59000015258789,62.560001373291016,62.79999923706055,62.88999938964844,2532500.0,62.32529830932617,-0.301,2020-10-30,43,2020,-1.185,0.7585585013695385
64.5999984741211,63.279998779296875,63.7599983215332,63.939998626708984,1931500.0,63.365867614746094,1.67,2020-11-02,44,2020,0.46499999999999986,1.1195619679142375
65.48999786376953,64.08000183105469,64.41000366210938,64.37999725341797,1572700.0,63.801918029785156,0.688,2020-11-03,44,2020,0.46499999999999986,1.1195619679142375
65.19999694824219,63.4900016784668,64.58000183105469,63.58000183105469,1857300.0,63.00910568237305,-1.243,2020-11-04,44,2020,0.46499999999999986,1.1195619679142375
65.20999908447266,64.0,64.06999969482422,64.30000305175781,2111200.0,63.72264099121094,1.132,2020-11-05,44,2020,0.46499999999999986,1.1195619679142375
65.12999725341797,64.05000305175781,64.31999969482422,64.3499984741211,1339400.0,63.772186279296875,0.078,2020-11-06,44,2020,0.46499999999999986,1.1195619679142375
65.05000305175781,62.86000061035156,64.56999969482422,62.959999084472656,2921100.0,62.39466857910156,-2.16,2020-11-09,45,2020,0.4486,1.8650171044792057
64.26000213623047,62.099998474121094,62.93000030517578,64.19000244140625,3262900.0,63.61362838745117,1.954,2020-11-10,45,2020,0.4486,1.8650171044792057
65.66999816894531,64.12000274658203,64.41999816894531,65.5999984741211,1653900.0,65.0109634399414,2.197,2020-11-11,45,2020,0.4486,1.8650171044792057
65.66999816894531,64.55999755859375,65.5999984741211,65.0999984741211,1999300.0,64.51544952392578,-0.762,2020-11-12,45,2020,0.4486,1.8650171044792057
65.77999877929688,65.08999633789062,65.66999816894531,65.76000213623047,1049500.0,65.1695327758789,1.014,2020-11-13,45,2020,0.4486,1.8650171044792057
66.62999725341797,65.01000213623047,65.45999908447266,66.58000183105469,1710300.0,65.98217010498047,1.247,2020-11-16,46,2020,-0.22379999999999994,1.1703173501234612
67.0199966430664,65.87999725341797,66.20999908447266,66.31999969482422,1250500.0,65.72450256347656,-0.391,2020-11-17,46,2020,-0.22379999999999994,1.1703173501234612
66.62000274658203,65.0,66.4000015258789,65.0199966430664,1208700.0,64.43617248535156,-1.96,2020-11-18,46,2020,-0.22379999999999994,1.1703173501234612
65.4000015258789,64.38999938964844,64.9800033569336,65.20999908447266,1140600.0,64.62446594238281,0.292,2020-11-19,46,2020,-0.22379999999999994,1.1703173501234612
65.38999938964844,64.48999786376953,65.20999908447266,65.01000213623047,1785900.0,64.42626190185547,-0.307,2020-11-20,46,2020,-0.22379999999999994,1.1703173501234612
64.30000305175781,63.099998474121094,63.099998474121094,63.66999816894531,2595000.0,63.09829330444336,-2.061,2020-11-23,47,2020,-0.58325,1.6493991582795635
64.25,62.41999816894531,64.05000305175781,62.470001220703125,3461800.0,61.9090690612793,-1.885,2020-11-24,47,2020,-0.58325,1.6493991582795635
64.16000366210938,62.83000183105469,62.93000030517578,63.2599983215332,2215800.0,62.69197463989258,1.265,2020-11-25,47,2020,-0.58325,1.6493991582795635
63.77000045776367,63.0,63.689998626708984,63.47999954223633,824300.0,62.90999984741211,0.348,2020-11-27,47,2020,-0.58325,1.6493991582795635
63.91999816894531,62.4900016784668,62.880001068115234,63.90999984741211,3265700.0,63.90999984741211,1.59,2020-11-30,48,2020,-0.16640000000000002,1.2239521232466573
63.970001220703125,63.290000915527344,63.709999084472656,63.68000030517578,2751500.0,63.68000030517578,-0.36,2020-12-01,48,2020,-0.16640000000000002,1.2239521232466573
63.81999969482422,62.5099983215332,63.529998779296875,62.720001220703125,2110500.0,62.720001220703125,-1.508,2020-12-02,48,2020,-0.16640000000000002,1.2239521232466573
63.06999969482422,62.45000076293945,62.599998474121094,63.0,1736200.0,63.0,0.446,2020-12-03,48,2020,-0.16640000000000002,1.2239521232466573
62.91999816894531,61.9900016784668,62.91999816894531,62.369998931884766,2736400.0,62.369998931884766,-1.0,2020-12-04,48,2020,-0.16640000000000002,1.2239521232466573
62.720001220703125,61.77000045776367,62.45000076293945,61.95000076293945,2833700.0,61.95000076293945,-0.673,2020-12-07,49,2020,-0.08100000000000003,0.7377075979004147
62.61000061035156,61.75,62.11000061035156,62.54999923706055,2874700.0,62.54999923706055,0.969,2020-12-08,49,2020,-0.08100000000000003,0.7377075979004147
62.84000015258789,61.560001373291016,62.66999816894531,62.0,3059200.0,62.0,-0.879,2020-12-09,49,2020,-0.08100000000000003,0.7377075979004147
62.310001373291016,61.689998626708984,62.130001068115234,61.97999954223633,2112300.0,61.97999954223633,-0.032,2020-12-10,49,2020,-0.08100000000000003,0.7377075979004147
62.459999084472656,61.52000045776367,61.63999938964844,62.11000061035156,2140000.0,62.11000061035156,0.21,2020-12-11,49,2020,-0.08100000000000003,0.7377075979004147
62.849998474121094,61.880001068115234,62.5,61.91999816894531,2024500.0,61.91999816894531,-0.306,2020-12-14,50,2020,-0.005200000000000027,1.052019343928618
62.119998931884766,61.040000915527344,62.02000045776367,61.2400016784668,2285700.0,61.2400016784668,-1.098,2020-12-15,50,2020,-0.005200000000000027,1.052019343928618
61.97999954223633,61.25,61.619998931884766,61.5,2512200.0,61.5,0.425,2020-12-16,50,2020,-0.005200000000000027,1.052019343928618
62.720001220703125,61.779998779296875,61.91999816894531,62.47999954223633,2066200.0,62.47999954223633,1.593,2020-12-17,50,2020,-0.005200000000000027,1.052019343928618
62.77000045776367,61.560001373291016,62.5,62.08000183105469,5138000.0,62.08000183105469,-0.64,2020-12-18,50,2020,-0.005200000000000027,1.052019343928618
61.68000030517578,60.63999938964844,61.65999984741211,61.529998779296875,1889200.0,61.529998779296875,-0.886,2020-12-21,51,2020,-0.11925,0.7258775723219447
61.5099983215332,60.81999969482422,61.400001525878906,61.189998626708984,1687500.0,61.189998626708984,-0.553,2020-12-22,51,2020,-0.11925,0.7258775723219447
61.97999954223633,61.36000061035156,61.5099983215332,61.61000061035156,1638500.0,61.61000061035156,0.686,2020-12-23,51,2020,-0.11925,0.7258775723219447
61.900001525878906,61.41999816894531,61.58000183105469,61.779998779296875,524800.0,61.779998779296875,0.276,2020-12-24,51,2020,-0.11925,0.7258775723219447
62.36000061035156,61.79999923706055,61.93000030517578,62.34000015258789,956200.0,62.34000015258789,0.906,2020-12-28,52,2020,0.186,1.0758401368233108
63.08000183105469,62.0099983215332,62.47999954223633,62.290000915527344,1014500.0,62.290000915527344,-0.08,2020-12-29,52,2020,0.186,1.0758401368233108
62.209999084472656,61.45000076293945,62.150001525878906,61.529998779296875,1084800.0,61.529998779296875,-1.22,2020-12-30,52,2020,0.186,1.0758401368233108
62.290000915527344,61.33000183105469,61.529998779296875,62.22999954223633,1813100.0,62.22999954223633,1.138,2020-12-31,52,2020,0.186,1.0758401368233108
